"","date","open","high","low","close"
"1",2020-10-28,104.548,104.55,104.118,104.322
"2",2020-10-29,104.313,104.711,104.027,104.56
"3",2020-10-30,104.56,104.744,104.139,104.667
"4",2020-11-01,104.632,104.6905,104.564,104.5785
"5",2020-11-02,104.605,104.9485,104.6,104.725
"6",2020-11-03,104.722,104.817,104.446,104.559
"7",2020-11-04,104.546,105.3405,104.156,104.4415
"8",2020-11-05,104.4295,104.4665,103.4465,103.619
"9",2020-11-06,103.616,103.7595,103.1795,103.359
"10",2020-11-08,103.249,103.3045,103.197,103.2585
"11",2020-11-09,103.2595,105.646,102.294,105.1465
"12",2020-11-10,105.1465,105.489,103.946,105.267
"13",2020-11-11,105.258,105.6755,103.6565,105.4115
"14",2020-11-12,105.4185,105.4775,103.983,105.0995
"15",2020-11-13,105.1,105.1495,104.566,104.628
"16",2020-11-16,104.4865,105.1305,102.8715,104.532
"17",2020-11-17,104.532,104.568,102.724,104.177
"18",2020-11-18,104.178,104.178,102.5425,103.895
"19",2020-11-19,103.896,104.206,102.4965,103.8185
"20",2020-11-20,103.8095,103.911,103.705,103.862
"21",2020-11-22,103.8155,103.862,103.808,103.8205
"22",2020-11-23,103.8235,104.6355,102.9415,104.5375
"23",2020-11-24,104.5225,104.7555,102.9005,104.5135
"24",2020-11-25,104.5135,104.5995,102.9085,104.4055
"25",2020-11-26,104.3995,104.3995,102.809,104.2585
"26",2020-11-27,104.2625,104.2715,102.7165,102.7165
"27",2020-11-29,104.0735,104.16,104.0315,104.09
"28",2020-11-30,104.0875,104.4095,102.8375,104.307
"29",2020-12-01,104.2965,104.579,102.839,104.3015
"30",2020-12-02,104.2955,104.7495,102.887,104.4505
"31",2020-12-03,104.4505,104.5345,102.5975,103.8345
"32",2020-12-04,103.8345,104.2435,103.7455,104.187
"33",2020-12-06,104.141,104.2385,104.1275,104.2085
"34",2020-12-07,104.2075,104.3125,102.705,104.0145
"35",2020-12-08,104.01,104.2065,102.759,104.1425
"36",2020-12-09,104.1425,104.4065,102.786,104.2855
"37",2020-12-10,104.2895,104.578,102.8035,104.1825
"38",2020-12-11,104.1805,104.1805,102.7,102.7
"39",2020-12-13,103.8865,104.0135,103.8765,103.9665
"40",2020-12-14,103.967,104.0995,102.7035,104.0085
"41",2020-12-15,104.0125,104.1515,102.5175,103.65
"42",2020-12-16,103.6495,103.9165,102.4175,103.4765
"43",2020-12-17,103.4765,103.5565,102.2305,103.1235
"44",2020-12-18,103.1375,103.5935,103.1325,103.3055
"45",2020-12-20,103.3655,103.4935,103.3535,103.4795
"46",2020-12-21,103.4795,103.8895,102.343,103.3415
"47",2020-12-22,103.352,103.7335,102.501,103.5205
"48",2020-12-23,103.5175,103.653,102.4155,103.5355
"49",2020-12-24,103.5355,103.7645,102.471,102.5075
"50",2020-12-25,102.5075,102.5075,102.5075,102.5075
"51",2020-12-27,103.55,103.6035,103.5105,103.5305
"52",2020-12-28,103.523,103.899,102.5795,103.6935
"53",2020-12-29,103.694,103.8055,102.463,103.556
"54",2020-12-30,103.556,103.583,102.2725,103.1295
"55",2020-12-31,103.1305,103.3175,103.027,103.165
"56",2021-01-01,103.165,103.165,103.165,103.165
"57",2021-01-03,103.2465,103.3175,103.2005,103.247
"58",2021-01-04,103.252,103.252,102.2445,103.1365
"59",2021-01-05,103.1355,103.1895,102.03,102.6885
"60",2021-01-06,102.6885,103.443,102.199,103.0245
"61",2021-01-07,103.0245,103.9575,102.5805,103.8005
"62",2021-01-08,103.8005,104.0885,103.6095,103.9605
"63",2021-01-10,103.9455,104.0965,103.896,104.0875
"64",2021-01-11,104.0835,104.3925,102.806,104.1405
"65",2021-01-12,104.1335,104.3305,102.555,103.7515
"66",2021-01-13,103.7385,103.9935,103.5275,103.899
"67",2021-01-14,103.9015,104.1955,103.768,103.9045
"68",2021-01-15,103.9045,103.941,103.7945,103.9205
"69",2021-01-17,103.9065,103.9465,103.894,103.9425
"70",2021-01-18,103.943,103.9475,103.8045,103.838
"71",2021-01-19,103.838,104.0865,103.659,103.9015
"72",2021-01-20,103.901,103.925,103.4515,103.764
"73",2021-01-21,103.764,103.8185,103.65,103.74
"74",2021-01-22,103.7395,103.9265,103.7325,103.865
"75",2021-01-24,103.896,103.8995,103.873,103.88
"76",2021-01-25,103.879,103.9355,103.7045,103.7635
"77",2021-01-26,103.7625,103.8285,103.5565,103.6035
"78",2021-01-27,103.6,104.1995,103.5905,104.1475
"79",2021-01-28,104.1435,104.4615,104.137,104.305
"80",2021-01-29,104.305,104.941,104.2945,104.7045
"81",2021-01-31,104.7835,104.8175,104.682,104.7195
"82",2021-02-01,104.7195,105.0355,104.6165,104.8815
"83",2021-02-02,104.8855,105.1735,6.467735,105.0355
"84",2021-02-03,105.0355,105.106,104.9245,104.9985
"85",2021-02-04,104.9975,105.6485,104.9765,105.5725
"86",2021-02-05,105.5725,105.7635,105.3355,105.3665
"87",2021-02-07,105.3845,105.4345,105.3755,105.3975
"88",2021-02-08,105.3975,105.6685,105.109,105.1225
"89",2021-02-09,105.126,105.1535,104.4995,104.5855
"90",2021-02-10,104.585,104.8445,104.411,104.6205
"91",2021-02-11,104.6195,104.8065,104.6135,104.753
"92",2021-02-12,104.7535,105.1835,104.7365,104.9525
"93",2021-02-14,104.963,105.0835,104.9335,105.0695
"94",2021-02-15,105.069,105.4185,104.9805,105.373
"95",2021-02-16,105.3735,106.2265,105.1815,106.1185
"96",2021-02-17,106.119,106.2155,105.7795,105.8545
"97",2021-02-18,105.855,105.924,105.6,105.6555
"98",2021-02-19,105.6545,105.7445,105.2415,105.4435
"99",2021-02-21,105.4045,105.6235,105.402,105.5385
"100",2021-02-22,105.5375,105.84,104.9245,105.0095
"101",2021-02-23,105.009,105.4305,104.9235,105.2985
"102",2021-02-24,105.298,106.1055,105.2695,105.9565
"103",2021-02-25,105.957,106.415,105.8455,106.392
"104",2021-02-26,106.3925,106.693,105.8495,106.5525
"105",2021-02-28,106.5455,106.591,106.476,106.484
"106",2021-03-01,106.4835,106.8905,106.368,106.8485
"107",2021-03-02,106.848,106.9585,106.6755,106.762
"108",2021-03-03,106.7625,107.1545,106.7005,107.0715
"109",2021-03-04,107.072,108.0135,106.9705,107.9515
"110",2021-03-05,107.951,108.6385,107.8215,108.3465
"111",2021-03-07,108.361,108.477,108.33,108.4055
"112",2021-03-08,108.4045,108.9535,108.31,108.9285
"113",2021-03-09,108.928,109.235,108.4165,108.5765
"114",2021-03-10,108.577,108.9215,108.3395,108.4525
"115",2021-03-11,108.452,108.814,108.3585,108.575
"116",2021-03-12,108.5745,109.1675,108.5175,109.055
"117",2021-03-14,109.0205,109.1485,109.0035,109.1175
"118",2021-03-15,109.1185,109.3645,108.916,109.1285
"119",2021-03-16,109.129,109.2905,108.774,109.032
"120",2021-03-17,109.0325,109.3275,108.705,108.9005
"121",2021-03-18,108.9,109.304,108.6285,108.9455
"122",2021-03-19,108.865,109.0515,108.6095,108.8805
"123",2021-03-21,108.644,108.9375,108.595,108.875
"124",2021-03-22,108.8755,108.9585,108.6205,108.7795
"125",2021-03-23,108.78,108.8745,108.4075,108.5235
"126",2021-03-24,108.5225,108.958,108.4535,108.7915
"127",2021-03-25,108.7905,109.2375,108.7905,109.1795
"128",2021-03-26,109.179,109.8455,109.135,109.6595
"129",2021-03-28,109.7195,109.8045,109.6485,109.7945
"130",2021-03-29,109.7935,109.887,109.3745,109.8395
"131",2021-03-30,109.84,110.427,109.788,110.3085
"132",2021-03-31,110.309,110.9675,110.2765,110.7595
"133",2021-04-01,110.7585,110.8485,110.5475,110.6305
"134",2021-04-02,110.569,110.7505,110.3745,110.6855
"135",2021-04-04,110.6645,110.7505,110.619,110.6805
"136",2021-04-05,110.6815,110.7225,109.9635,110.195
"137",2021-04-06,110.1955,110.5535,109.672,109.7975
"138",2021-04-07,109.7965,109.943,109.5805,109.857
"139",2021-04-08,109.8575,109.9055,109.001,109.331
"140",2021-04-09,109.3315,109.9605,109.2155,109.662
"141",2021-04-11,109.7085,109.7565,109.64,109.7225
"142",2021-04-12,109.722,109.7715,109.2465,109.3835
"143",2021-04-13,109.383,109.7535,108.8905,108.924
"144",2021-04-14,108.9245,109.0965,108.7525,108.8945
"145",2021-04-15,108.895,108.9595,108.6235,108.6925
"146",2021-04-16,108.692,108.9665,108.6125,108.8225
"147",2021-04-18,108.7825,108.8365,108.6695,108.7235
"148",2021-04-19,108.7245,108.7705,108.0105,108.1095
"149",2021-04-20,108.109,108.546,107.9735,108.1335
"150",2021-04-21,108.133,108.2825,107.8775,108.0445
"151",2021-04-22,108.045,108.234,107.8145,107.9885
"152",2021-04-23,107.988,108.1475,107.479,107.9165
"153",2021-04-25,107.9505,107.9635,107.8665,107.8845
"154",2021-04-26,107.8835,108.2105,107.6435,108.2015
"155",2021-04-27,108.2005,108.7785,108.1015,108.751
"156",2021-04-28,108.7515,109.0785,108.5035,108.5075
"157",2021-04-29,108.508,109.2245,108.4355,108.9065
"158",2021-04-30,108.9075,109.3705,108.7145,109.3435
"159",2021-05-02,109.2855,109.3555,109.2795,109.288
"160",2021-05-03,109.2895,109.6985,108.896,109.0885
"161",2021-05-04,109.089,109.4895,109.0445,109.3345
"162",2021-05-05,109.334,109.4815,109.1465,109.2205
"163",2021-05-06,109.221,109.4295,109.002,109.0535
"164",2021-05-07,109.0525,109.289,108.3385,108.6255
"165",2021-05-09,108.584,108.6385,108.4695,108.5745
"166",2021-05-10,108.575,109.058,108.5645,108.8495
"167",2021-05-11,108.849,108.9845,108.3545,108.7175
"168",2021-05-12,108.7165,109.6935,108.6765,109.6645
"169",2021-05-13,109.6685,109.7865,109.407,109.5195
"170",2021-05-14,109.519,109.6565,109.2085,109.3275
"171",2021-05-16,109.3125,109.4235,109.241,109.4205
"172",2021-05-17,109.4215,109.5035,109.0755,109.2415
"173",2021-05-18,109.2425,109.2855,108.8315,108.869
"174",2021-05-19,108.8685,109.3365,108.5725,109.2645
"175",2021-05-20,109.2635,109.2975,108.7505,108.8645
"176",2021-05-21,108.8645,109.0055,108.6125,108.898
"177",2021-05-23,108.926,108.9965,108.899,108.9185
"178",2021-05-24,108.918,108.9925,108.6975,108.8525
"179",2021-05-25,108.8505,109.0725,108.5605,108.7935
"180",2021-05-26,108.794,109.1795,108.7245,109.1715
"181",2021-05-27,109.1725,109.9245,109.0385,109.8105
"182",2021-05-28,109.8125,110.2005,109.745,109.8625
"183",2021-05-30,109.8285,109.9355,109.8185,109.9105
"184",2021-05-31,109.911,109.9355,109.6375,109.6565
"185",2021-06-01,109.392,109.7085,109.3415,109.497
"186",2021-06-02,109.4965,109.8855,109.4825,109.5975
"187",2021-06-03,109.5965,110.3305,109.5695,110.2915
"188",2021-06-04,110.2925,110.3295,109.3685,109.4885
"189",2021-06-07,109.5765,109.5945,109.1925,109.2745
"190",2021-06-08,109.274,109.5585,109.1995,109.4715
"191",2021-06-09,109.4725,109.6615,109.2265,109.6145
"192",2021-06-10,109.614,109.797,109.3085,109.3945
"193",2021-06-11,109.3955,109.8415,109.3175,109.656
"194",2021-06-13,109.6515,109.7365,109.6355,109.7175
"195",2021-06-14,109.7185,110.0995,109.6125,110.0445
"196",2021-06-15,110.0435,110.169,109.9885,110.0835
"197",2021-06-16,110.0845,110.8025,109.8055,110.7735
"198",2021-06-17,110.7745,110.8255,110.1685,110.327
"199",2021-06-18,110.3265,110.4855,109.9445,110.187
"200",2021-06-20,110.2625,110.2985,110.1585,110.2045
"201",2021-06-21,110.205,110.3835,109.7165,110.379
"202",2021-06-22,110.3795,110.7935,110.2135,110.6565
"203",2021-06-23,110.6555,111.1055,110.648,111.015
"204",2021-06-24,111.0155,111.117,110.6875,110.922
"205",2021-06-25,110.9225,110.9845,110.4825,110.7665
"206",2021-06-27,110.8065,110.8555,110.7745,110.8315
"207",2021-06-28,110.831,110.978,110.4985,110.6075
"208",2021-06-29,110.6085,110.7605,110.4325,110.5365
"209",2021-06-30,110.5355,111.1395,110.4205,111.1335
"210",2021-07-01,111.1345,111.6405,111.0285,111.5735
"211",2021-07-02,111.573,111.6595,110.9525,111.0495
"212",2021-07-05,111.0965,111.1455,110.798,110.9195
"213",2021-07-06,110.9205,110.9315,110.5195,110.6025
"214",2021-07-07,110.6015,110.8165,110.3985,110.6365
"215",2021-07-08,110.637,110.651,109.5365,109.8035
"216",2021-07-09,109.804,110.2605,109.7645,110.147
"217",2021-07-11,110.1685,110.2485,110.124,110.2195
"218",2021-07-12,110.221,110.4035,109.9795,110.3305
"219",2021-07-13,110.3325,110.4425,110.2895,110.3865
"220",2021-07-14,110.5975,110.7005,109.9375,109.998
"221",2021-07-15,109.999,110.0905,109.7155,109.781
"222",2021-07-16,109.7805,110.3425,109.7345,110.061
"223",2021-07-18,110.0505,110.1005,109.851,109.8785
"224",2021-07-19,109.8795,110.0335,109.0665,109.5305
"225",2021-07-20,109.5295,109.957,109.3305,109.9205
"226",2021-07-21,109.9195,110.3885,109.803,110.25
"227",2021-07-22,110.2495,110.3595,110.017,110.1435
"228",2021-07-23,110.1425,110.5945,110.1165,110.539
"229",2021-07-25,110.5055,110.569,110.4855,110.5485
"230",2021-07-26,110.548,110.585,110.1185,110.3085
"231",2021-07-27,110.3095,110.3315,109.584,109.8095
"232",2021-07-28,109.8085,110.2885,109.7445,109.8925
"233",2021-07-29,109.892,109.9125,109.4035,109.4135
"234",2021-07-30,109.4125,109.829,109.3625,109.712
"235",2021-08-01,109.7085,109.7725,109.6465,109.7155
"236",2021-08-02,109.715,109.7475,109.1885,109.272
"237",2021-08-03,109.273,109.3355,108.9855,108.9935
"238",2021-08-04,108.994,109.6765,108.7235,109.5355
"239",2021-08-05,109.536,109.7925,109.4055,109.7545
"240",2021-08-06,109.7555,110.3565,109.7005,110.2375
"241",2021-08-08,110.2645,110.295,110.2255,110.2785
"242",2021-08-09,110.278,110.3535,110.0275,110.3225
"243",2021-08-10,110.3235,110.5485,110.3025,110.4695
"244",2021-08-11,110.736,110.7605,110.3095,110.3785
"245",2021-08-12,110.378,110.5475,110.318,110.4035
"246",2021-08-13,110.4045,110.4585,109.5475,109.6
"247",2021-08-15,109.652,109.7525,109.5625,109.6285
"248",2021-08-16,109.628,109.6285,109.1155,109.3025
"249",2021-08-17,109.302,109.6565,109.1185,109.5405
"250",2021-08-18,109.541,110.0685,109.4795,109.8425
"251",2021-08-19,109.8415,110.2295,109.4845,109.771
"252",2021-08-20,109.7715,109.887,109.5715,109.7995
"253",2021-08-22,109.7925,109.8845,109.7445,109.8425
"254",2021-08-23,109.8415,110.1485,109.6545,109.6785
"255",2021-08-24,109.679,109.883,109.414,109.7325
"256",2021-08-25,109.7315,110.1255,109.686,109.9795
"257",2021-08-26,109.9825,110.23,109.9285,110.0525
"258",2021-08-27,110.0515,110.2685,109.7805,109.8335
"259",2021-08-29,109.8655,109.8775,109.7765,109.8655
"260",2021-08-30,109.866,109.9845,109.7045,109.9465
"261",2021-08-31,109.9475,110.0815,109.588,110.0585
"262",2021-09-01,110.059,110.4205,109.8815,110.0955
"263",2021-09-02,110.0945,110.1225,109.9185,109.9485
"264",2021-09-03,109.9495,110.0745,109.5935,109.702
"265",2021-09-05,109.7475,109.805,109.7055,109.7825
"266",2021-09-06,109.7805,109.9485,109.7485,109.8255
"267",2021-09-07,109.8245,110.3255,109.6865,110.2985
"268",2021-09-08,110.299,110.4485,110.1435,110.2225
"269",2021-09-09,110.2215,110.2745,109.6225,109.7745
"270",2021-09-10,109.774,109.9925,109.6985,109.934
"271",2021-09-12,109.8905,109.9295,109.841,109.9195
"272",2021-09-13,109.92,110.1605,109.8915,109.9965
"273",2021-09-14,109.996,110.1635,109.5295,109.7165
"274",2021-09-15,109.716,109.7455,109.1145,109.3845
"275",2021-09-16,109.3855,109.829,109.2155,109.6985
"276",2021-09-17,109.6995,110.0815,109.6685,109.959
"277",2021-09-19,109.9595,110.0015,109.9095,109.9815
"278",2021-09-20,109.981,110.039,109.3235,109.4395
"279",2021-09-21,109.4385,109.7075,109.136,109.155
"280",2021-09-22,109.1555,109.9005,109.1215,109.8255
"281",2021-09-23,109.8245,110.3505,109.7625,110.3295
"282",2021-09-24,110.33,110.7935,110.3135,110.72
"283",2021-09-26,110.7085,110.7995,110.6855,110.7685
"284",2021-09-27,110.7675,111.0665,110.5365,110.966
"285",2021-09-28,110.9665,111.6385,110.936,111.5305
"286",2021-09-29,111.5295,112.0495,111.2065,111.9395
"287",2021-09-30,111.9385,112.08,111.2405,111.465
"288",2021-10-01,111.4645,111.4895,110.9075,111.0485
"289",2021-10-03,110.946,111.0305,110.9035,110.9505
"290",2021-10-04,110.951,111.3025,110.8235,110.9705
"291",2021-10-05,110.97,111.5635,110.8725,111.4885
"292",2021-10-06,111.489,111.7895,111.2015,111.4085
"293",2021-10-07,111.409,111.6775,111.2375,111.664
"294",2021-10-08,111.6625,112.256,111.5135,112.246
"295",2021-10-10,112.185,112.3295,112.1645,112.2755
"296",2021-10-11,112.275,113.4155,112.177,113.3915
"297",2021-10-12,113.391,113.7885,113.0035,113.5395
"298",2021-10-13,113.539,113.8055,113.2125,113.3105
"299",2021-10-14,113.3085,113.8875,113.2785,113.8345
"300",2021-10-15,113.835,114.4645,113.814,114.225
"301",2021-10-17,114.2405,114.3665,114.1795,114.3345
"302",2021-10-18,114.335,114.4535,114.0175,114.2905
"303",2021-10-19,114.2895,114.5845,113.8805,114.5475
"304",2021-10-20,114.5465,114.7005,114.0805,114.3895
"305",2021-10-21,114.39,114.409,113.652,113.8515
"306",2021-10-22,113.8505,114.2085,113.4145,113.5115
"307",2021-10-24,113.5635,113.6955,113.4635,113.6705
"308",2021-10-25,113.6715,113.9255,113.5185,113.767
"309",2021-10-26,113.7665,114.3135,113.7215,114.1875
"310",2021-10-27,114.1865,114.2225,113.3895,113.7745
"311",2021-10-28,113.774,113.8685,113.2565,113.6195
"312",2021-10-29,113.62,114.0975,113.3955,113.9795
"313",2021-10-31,114.0655,114.258,114.0485,114.24
"314",2021-11-01,114.2395,114.4445,113.9405,114.0935
"315",2021-11-02,114.0925,114.135,113.4635,113.9675
"316",2021-11-03,113.9665,114.221,113.7225,114.0715
"317",2021-11-04,114.071,114.2785,113.5095,113.836
"318",2021-11-05,113.8355,114.0345,113.3015,113.3775
"319",2021-11-07,113.3785,113.53,113.37,113.4785
"320",2021-11-08,113.4775,113.6685,113.0805,113.2565
"321",2021-11-09,113.256,113.2635,113.0855,113.1395
"322",2021-11-10,112.87,114.009,112.777,113.9085
"323",2021-11-11,113.9085,114.1585,113.8075,114.0465
"324",2021-11-12,114.0455,114.3025,113.7625,113.8925
"325",2021-11-14,113.9585,114.0475,113.9265,113.9855
"326",2021-11-15,113.9865,114.2165,113.753,114.1335
"327",2021-11-16,114.133,114.9715,114.1035,114.9065
"328",2021-11-17,114.9055,114.9475,113.935,114.1925
"329",2021-11-18,114.195,114.485,113.8785,114.2855
"330",2021-11-19,114.2865,114.541,113.5875,113.9915
"331",2021-11-21,113.9645,114.1455,113.9465,114.1445
"332",2021-11-22,114.145,114.9625,114.0225,114.7935
"333",2021-11-23,114.793,115.2215,114.4975,115.1455
"334",2021-11-24,115.145,115.5235,114.8265,115.41
"335",2021-11-25,115.4105,115.4485,115.0325,115.0785
"336",2021-11-26,115.0775,115.1125,113.0545,113.299
"337",2021-11-28,113.3915,113.857,113.3415,113.7255
"338",2021-11-29,113.725,113.9465,112.9935,113.807
"339",2021-11-30,113.8075,113.8945,112.5365,113.304
"340",2021-12-01,113.3045,113.6295,112.671,112.8845
"341",2021-12-02,112.884,113.3295,112.7065,113.0245
"342",2021-12-03,113.024,113.6135,112.5595,112.783
"343",2021-12-05,112.8645,113.0835,112.8645,113.0455
"344",2021-12-06,113.0465,113.5535,112.8515,113.4685
"345",2021-12-07,113.4695,113.7805,113.4015,113.5275
"346",2021-12-08,113.5225,113.9575,113.3125,113.6855
"347",2021-12-09,113.6865,113.8125,113.2745,113.4415
"348",2021-12-10,113.442,113.7955,113.2255,113.4205
"349",2021-12-12,113.3665,113.5205,113.3475,113.5135
"350",2021-12-13,113.5145,113.7285,113.3715,113.58
"351",2021-12-14,113.5795,113.76,113.4295,113.7435
"352",2021-12-15,113.7425,114.2685,113.6305,114.1455
"353",2021-12-16,114.1445,114.2495,113.5615,113.668
"354",2021-12-17,113.6685,113.8595,113.1415,113.717
"355",2021-12-19,113.6555,113.7295,113.5145,113.5205
"356",2021-12-20,113.5195,113.7325,113.3285,113.666
"357",2021-12-21,113.6665,114.2225,113.5545,113.9955
"358",2021-12-22,113.9975,114.3715,113.9955,114.1285
"359",2021-12-23,114.129,114.4775,114.107,114.4655
"360",2021-12-24,114.466,114.5155,114.3055,114.3885
"361",2021-12-26,114.3575,114.4045,114.313,114.3415
"362",2021-12-27,114.3455,114.916,114.3215,114.7945
"363",2021-12-28,114.794,114.9505,114.7075,114.7715
"364",2021-12-29,114.7695,115.0395,114.6695,114.9505
"365",2021-12-30,114.95,115.2265,114.947,115.0675
"366",2021-12-31,115.0665,115.198,115.0065,115.0985
"367",2022-01-02,115.1025,115.158,115.0615,115.1445
"368",2022-01-03,115.144,115.3695,114.9495,115.3335
"369",2022-01-04,115.3345,116.3555,115.2935,116.1765
"370",2022-01-05,116.177,116.2445,115.6225,116.1295
"371",2022-01-06,116.1285,116.1875,115.628,115.8675
"372",2022-01-07,115.8685,116.0485,115.5235,115.575
"373",2022-01-09,115.6555,115.6685,115.5675,115.6225
"374",2022-01-10,115.6235,115.8535,115.0435,115.2805
"375",2022-01-11,115.281,115.6825,115.126,115.335
"376",2022-01-12,115.3345,115.479,114.3825,114.6755
"377",2022-01-13,114.6765,114.7025,114.001,114.1195
"378",2022-01-14,114.118,114.2675,113.4825,114.1985
"379",2022-01-16,114.169,114.3415,114.156,114.309
"380",2022-01-17,114.3095,114.6515,114.2775,114.5755
"381",2022-01-18,114.571,115.0595,114.4505,114.5585
"382",2022-01-19,114.5555,114.79,114.2085,114.3495
"383",2022-01-20,114.35,114.549,113.8615,113.9945
"384",2022-01-21,113.9935,114.0345,113.6055,113.6835
"385",2022-01-23,113.6845,113.8035,113.653,113.7895
"386",2022-01-24,113.7925,114.098,113.4705,114.0165
"387",2022-01-25,114.016,114.1575,113.671,113.8955
"388",2022-01-26,113.8965,114.7445,113.7795,114.7235
"389",2022-01-27,114.723,115.4905,114.4765,115.354
"390",2022-01-28,115.3545,115.6875,115.1255,115.22
"391",2022-01-30,115.2935,115.3785,115.243,115.2655
"392",2022-01-31,115.265,115.5935,114.9255,115.1225
"393",2022-02-01,115.1235,115.1945,114.568,114.7365
"394",2022-02-02,114.736,114.804,114.159,114.3835
"395",2022-02-03,114.383,114.991,114.3285,114.9605
"396",2022-02-04,114.9615,115.431,114.7755,115.222
"397",2022-02-06,115.2695,115.3225,115.2205,115.2275
"398",2022-02-07,115.2285,115.3795,114.9175,115.0655
"399",2022-02-08,115.066,115.685,115.0625,115.5365
"400",2022-02-09,115.5355,115.6045,115.3235,115.6025
"401",2022-02-10,115.602,116.3325,115.4835,116.0545
"402",2022-02-11,116.0555,116.177,115.0155,115.44
"403",2022-02-13,115.383,115.4315,115.3585,115.4265
"404",2022-02-14,115.555,115.7495,115.0125,115.5395
"405",2022-02-15,115.54,115.876,115.259,115.6415
"406",2022-02-16,115.6425,115.7915,115.34,115.3945
"407",2022-02-17,115.3925,115.5395,114.7975,114.8645
"408",2022-02-18,114.8625,115.2995,114.7915,115.0005
"409",2022-02-20,115.051,115.067,114.873,114.9675
"410",2022-02-21,114.9645,115.1265,114.5015,114.6105
"411",2022-02-22,114.6115,115.2435,114.5235,115.1005
"412",2022-02-23,115.1,115.2025,114.8745,114.9005
"413",2022-02-24,114.8995,115.696,114.4095,115.5525
"414",2022-02-25,115.551,115.7625,115.1485,115.585
"415",2022-02-27,115.5185,115.781,115.384,115.5905
"416",2022-02-28,115.5895,115.6935,114.8625,115.0875
"417",2022-03-01,115.0865,115.2915,114.7005,114.8425
"418",2022-03-02,114.843,115.6885,114.7935,115.5185
"419",2022-03-03,115.519,115.8085,115.3855,115.4825
"420",2022-03-04,115.4835,115.5585,114.6505,114.794
"421",2022-03-06,114.939,114.9605,114.8245,114.9545
"422",2022-03-07,114.9535,115.4735,114.8355,115.3695
"423",2022-03-08,115.3685,115.793,115.3245,115.7265
"424",2022-03-09,115.7275,115.95,115.5585,115.9115
"425",2022-03-10,115.911,116.2225,115.8155,116.1825
"426",2022-03-11,116.183,117.3585,116.146,117.3265
"427",2022-03-13,117.361,117.604,117.3165,117.5355
"428",2022-03-14,117.535,118.3035,117.4595,118.2205
"429",2022-03-15,118.2195,118.4505,117.6995,118.3145
"430",2022-03-16,118.3155,119.1225,118.177,118.8715
"431",2022-03-17,118.8705,119.027,118.3695,118.4885
"432",2022-03-18,118.4935,119.4005,118.4735,119.1525
"433",2022-03-20,119.1325,119.309,119.1035,119.2675
"434",2022-03-21,119.267,119.6285,119.1055,119.595
"435",2022-03-22,119.5945,121.4165,119.5825,121.3425
"436",2022-03-23,121.342,121.3455,120.5945,121.1245
"437",2022-03-24,121.1255,122.4365,120.955,122.3535
"438",2022-03-25,122.3525,122.3565,121.1815,122.0975
"439",2022-03-27,122.0465,122.3665,122.0175,122.2725
"440",2022-03-28,122.272,125.1035,122.143,123.607
"441",2022-03-29,123.6075,124.3075,121.98,123.1285
"442",2022-03-30,123.1275,123.1275,121.3145,122.0245
"443",2022-03-31,122.025,122.4565,121.2825,121.7485
"444",2022-04-01,121.7485,123.0375,121.7475,122.5555
"445",2022-04-03,122.624,122.7345,122.5435,122.6365
"446",2022-04-04,122.6365,122.9595,122.3955,122.802
"447",2022-04-05,122.8015,123.7155,122.3755,123.6595
"448",2022-04-06,123.6605,124.0535,123.4585,123.7275
"449",2022-04-07,123.7275,124.232,123.4715,124.0995
"450",2022-04-08,124.0995,124.6785,123.6685,124.2865
"451",2022-04-10,124.1585,124.4325,124.137,124.4025
"452",2022-04-11,124.402,125.7715,124.2865,125.4845
"453",2022-04-12,125.484,125.7585,124.7695,125.4295
"454",2022-04-13,125.43,126.3185,125.3515,125.3665
"455",2022-04-14,125.3665,126.017,125.0855,125.9635
"456",2022-04-15,126.2515,126.6845,126.2475,126.468
"457",2022-04-17,126.425,126.734,126.3465,126.6155
"458",2022-04-18,126.6155,127.2265,126.2425,127.146
"459",2022-04-19,127.1465,129.406,126.9905,129.3325
"460",2022-04-20,129.3325,129.4065,127.4615,127.984
"461",2022-04-21,127.9835,128.7065,127.8065,128.4415
"462",2022-04-22,128.4415,129.1105,127.739,128.5495
"463",2022-04-24,128.5625,128.8565,128.466,128.6105
"464",2022-04-25,128.6105,128.8725,127.524,127.7765
"465",2022-04-26,127.777,128.2025,126.9515,127.2685
"466",2022-04-27,127.2685,128.5935,127.2585,128.4445
"467",2022-04-28,128.444,131.255,128.3555,130.7885
"468",2022-04-29,130.7885,130.825,129.3185,129.8585
"469",2022-05-01,129.77,130.2965,129.77,130.002
"470",2022-05-02,130.0025,130.4795,129.6155,130.1045
"471",2022-05-03,130.1045,130.291,129.7005,130.1275
"472",2022-05-04,130.1285,130.3825,128.6295,129.2385
"473",2022-05-05,129.2385,130.5605,128.7565,130.3245
"474",2022-05-06,130.324,130.81,130.154,130.544
"475",2022-05-08,130.5585,130.7915,130.5105,130.7415
"476",2022-05-09,130.7405,131.35,130.1155,130.3815
"477",2022-05-10,130.3805,130.553,129.7965,130.3705
"478",2022-05-11,130.371,130.816,129.4475,129.8485
"479",2022-05-12,129.8495,129.9115,127.522,128.606
"480",2022-05-13,128.6065,129.4555,128.349,129.252
"481",2022-05-16,129.4095,129.6375,128.7015,128.951
"482",2022-05-17,128.952,129.7845,128.8345,129.426
"483",2022-05-18,129.425,129.4605,127.912,127.9325
"484",2022-05-19,127.933,128.946,127.0255,127.8535
"485",2022-05-20,127.855,128.2985,127.5315,127.9205
"486",2022-05-22,127.8945,128.0655,127.813,127.895
"487",2022-05-23,127.8955,127.9575,127.156,127.8235
"488",2022-05-24,127.823,128.0885,126.3625,126.741
"489",2022-05-25,126.7415,127.4985,126.6585,127.156
"490",2022-05-26,127.309,127.584,126.5545,127.1065
"491",2022-05-27,127.1055,127.2575,126.678,127.1085
"492",2022-05-29,127.072,127.346,127.062,127.2765
"493",2022-05-30,127.2755,127.878,126.863,127.7835
"494",2022-05-31,127.7845,128.8925,127.636,128.7385
"495",2022-06-01,128.7395,130.241,128.7385,130.127
"496",2022-06-02,130.1265,130.2195,129.514,129.9405
"497",2022-06-03,129.9395,130.9825,129.6895,130.834
"498",2022-06-05,130.8505,131.0055,130.7115,130.726
"499",2022-06-06,130.7255,132.304,130.435,132.18
"500",2022-06-07,132.181,133.0025,132.0955,132.825
"501",2022-06-08,132.824,134.5325,132.7235,134.46
"502",2022-06-09,134.4595,134.479,133.188,134.395
"503",2022-06-10,134.3955,134.4855,133.3675,134.418
"504",2022-06-12,134.36,134.8525,134.3595,134.7905
"505",2022-06-13,134.79,135.2055,133.5945,134.2415
"506",2022-06-14,134.2415,135.5935,133.876,135.28
"507",2022-06-15,135.2785,135.309,133.508,134.058
"508",2022-06-16,134.0575,134.68,131.4955,132.4205
"509",2022-06-17,132.4195,135.4275,132.18,134.98
"510",2022-06-19,134.9605,135.386,134.9345,135.3015
"511",2022-06-20,135.301,135.4455,134.5355,135.1
"512",2022-06-21,135.1005,136.7155,134.9255,136.3215
"513",2022-06-22,136.324,136.6275,135.687,135.995
"514",2022-06-23,135.9945,135.9955,134.7625,134.8225
"515",2022-06-24,134.822,135.4005,134.356,135.2055
"516",2022-06-26,135.1445,135.2225,135.012,135.059
"517",2022-06-27,135.06,135.554,134.5235,135.4415
"518",2022-06-28,135.442,136.388,135.1145,136.0485
"519",2022-06-29,136.048,137.0045,135.7745,136.6255
"520",2022-06-30,136.625,136.8095,135.5535,135.8025
"521",2022-07-01,135.802,135.9875,134.745,135.2545
"522",2022-07-03,135.273,135.327,134.997,135.005
"523",2022-07-04,135.0055,135.979,134.785,135.869
"524",2022-07-05,135.8685,136.364,135.4225,135.542
"525",2022-07-06,135.55,136.1335,134.9525,135.9565
"526",2022-07-07,135.957,136.2225,135.5515,135.922
"527",2022-07-08,135.9225,136.5685,135.3315,136.079
"528",2022-07-11,136.324,137.7555,136.3165,137.418
"529",2022-07-12,137.4175,137.5355,136.4755,136.7365
"530",2022-07-13,136.737,137.8675,136.696,137.636
"531",2022-07-14,137.6355,139.3895,137.5945,138.9795
"532",2022-07-15,138.979,139.09,138.3895,138.489
"533",2022-07-17,138.5115,138.578,138.2785,138.2985
"534",2022-07-18,138.298,138.456,137.8915,138.2615
"535",2022-07-19,138.2605,138.3955,137.3835,138.191
"536",2022-07-20,138.1885,138.4755,137.9045,138.42
"537",2022-07-21,138.4205,138.8795,137.027,137.0815
"538",2022-07-22,137.0815,137.9575,135.5715,136.071
"539",2022-07-24,136.347,136.374,136.3005,136.3445
"540",2022-07-25,136.3435,136.7915,135.892,136.4135
"541",2022-07-26,136.414,136.9905,136.277,136.966
"542",2022-07-27,136.9655,137.4645,136.0845,136.1185
"543",2022-07-28,136.119,136.4205,134.204,134.4045
"544",2022-07-29,134.404,134.679,132.5075,133.2445
"545",2022-07-31,133.246,133.561,133.211,133.3745
"546",2022-08-01,133.374,133.4135,131.3775,131.411
"547",2022-08-02,131.4115,133.603,130.3965,133.347
"548",2022-08-03,133.323,134.5485,132.2875,133.934
"549",2022-08-04,133.9335,134.4245,132.5235,132.622
"550",2022-08-05,132.6225,135.505,132.5855,135.028
"551",2022-08-07,135.028,135.3145,134.968,135.0645
"552",2022-08-08,135.065,135.583,134.3545,134.8415
"553",2022-08-09,134.841,135.2035,134.6695,135.1965
"554",2022-08-10,135.197,135.305,132.0305,132.8165
"555",2022-08-11,132.8155,133.3135,131.7395,133.016
"556",2022-08-12,133.0165,133.8935,132.906,133.441
"557",2022-08-14,133.466,133.5965,133.2215,133.315
"558",2022-08-15,133.3155,133.5435,132.557,133.138
"559",2022-08-16,133.1375,134.6855,132.9545,134.2845
"560",2022-08-17,134.288,135.501,133.909,134.9585
"561",2022-08-18,134.959,135.9035,134.6485,135.809
"562",2022-08-19,135.8085,137.2335,135.8085,136.8695
"563",2022-08-21,136.8635,137.079,136.83,137.028
"564",2022-08-22,137.0285,137.6495,136.7015,137.5755
"565",2022-08-23,137.5765,137.7105,135.811,136.7445
"566",2022-08-24,136.7455,137.2465,136.1775,137.0995
"567",2022-08-25,137.105,137.2035,136.3215,136.566
"568",2022-08-26,136.5665,137.537,136.201,137.5255
"569",2022-08-28,138.165,138.173,138.1565,138.166
"570",2022-08-29,138.1475,139.0015,138.087,138.649
"571",2022-08-30,138.6485,139.0775,138.054,138.763
"572",2022-08-31,138.765,139.4395,138.275,139.3345
"573",2022-09-01,139.3335,140.2675,139.06,140.0845
"574",2022-09-02,140.085,140.8025,139.8715,140.224
"575",2022-09-05,140.2775,140.6645,140.2595,140.438
"576",2022-09-06,140.4375,143.592,140.2525,143.166
"577",2022-09-07,143.165,144.9925,142.932,144.0955
"578",2022-09-08,144.096,144.56,143.3225,143.8795
"579",2022-09-09,143.879,143.9635,141.505,142.6315
"580",2022-09-11,142.175,142.7565,142.14,142.568
"581",2022-09-12,142.5685,143.495,142.1625,142.588
"582",2022-09-13,142.5865,144.962,141.655,144.4585
"583",2022-09-14,144.4585,144.853,142.553,142.9235
"584",2022-09-15,142.923,143.8035,142.9155,143.3415
"585",2022-09-16,143.341,143.6955,142.8375,142.944
"586",2022-09-18,142.969,143.124,142.6455,142.7615
"587",2022-09-19,142.762,143.647,142.6855,143.1855
"588",2022-09-20,143.1845,143.9245,142.9375,143.5865
"589",2022-09-21,143.586,144.703,143.3445,144.2455
"590",2022-09-22,144.2445,145.904,140.3535,142.276
"591",2022-09-23,142.275,143.4625,141.7675,143.353
"592",2022-09-25,143.656,143.656,143.24,143.5295
"593",2022-09-26,143.529,144.7785,143.425,144.476
"594",2022-09-27,144.4735,144.9055,144.0635,144.712
"595",2022-09-28,144.7125,144.8515,143.9095,144.4185
"596",2022-09-29,144.4185,144.813,144.2075,144.4265
"597",2022-09-30,144.4295,144.8105,144.2045,144.77
"598",2022-10-02,144.7015,144.8885,144.6355,144.8075
"599",2022-10-03,144.808,145.3205,144.159,144.5285
"600",2022-10-04,144.5275,144.9355,143.7785,143.8565
"601",2022-10-05,143.8555,144.8485,143.5305,144.442
"602",2022-10-06,144.4415,145.1405,144.3875,145.0475
"603",2022-10-07,145.046,145.445,144.66,145.3895
"604",2022-10-09,145.3465,145.4895,145.3375,145.4685
"605",2022-10-10,145.469,145.8055,145.238,145.6735
"606",2022-10-11,145.674,145.9485,145.4285,145.8945
"607",2022-10-12,145.8935,146.9705,145.818,146.78
"608",2022-10-13,146.781,147.673,146.463,147.3105
"609",2022-10-14,147.311,148.86,147.0965,148.769
"610",2022-10-16,148.622,148.721,148.444,148.6395
"611",2022-10-17,148.64,149.088,148.4325,148.9745
"612",2022-10-18,148.9735,149.378,148.1455,149.2185
"613",2022-10-19,149.213,149.908,149.1015,149.9025
"614",2022-10-21,151.3395,151.9455,146.2085,147.697
"615",2022-10-23,147.8475,149.7105,145.53,147.633
"616",2022-10-24,147.634,149.4595,147.3745,148.8925
"617",2022-10-25,148.8915,149.0635,147.5165,147.9835
"618",2022-10-26,147.984,148.4155,146.0835,146.0905
"619",2022-10-27,146.0895,146.938,145.1095,146.2845
"620",2022-10-28,146.2855,147.863,145.991,147.4875
"621",2022-10-30,147.671,147.8395,147.553,147.8155
"622",2022-10-31,147.8155,148.8525,147.737,148.738
"623",2022-11-01,148.737,148.827,146.9875,147.9195
"624",2022-11-02,147.9185,148.002,145.684,147.8955
"625",2022-11-03,147.8945,148.4515,147.113,148.3955
"626",2022-11-04,148.3935,148.4065,146.559,146.646
"627",2022-11-06,146.9845,147.084,146.8125,146.8465
"628",2022-11-07,146.8465,147.5705,146.091,146.629
"629",2022-11-08,146.6285,146.9355,145.2035,145.2995
"630",2022-11-09,145.299,146.7975,145.1735,146.2025
"631",2022-11-10,146.202,146.592,140.205,141.74
"632",2022-11-11,141.7395,142.4835,138.4665,138.7885
"633",2022-11-13,139.2645,139.938,139.2645,139.617
"634",2022-11-14,139.6175,140.798,138.8045,140.099
"635",2022-11-15,140.093,140.6285,137.6735,138.9685
"636",2022-11-16,138.969,140.2935,138.8705,139.3305
"637",2022-11-17,139.33,140.743,138.8815,140.4275
"638",2022-11-18,140.429,140.5015,139.637,140.371
"639",2022-11-20,140.338,140.4115,140.165,140.2675
"640",2022-11-21,140.268,142.2545,140.1945,142.096
"641",2022-11-22,142.0955,142.2445,141.087,141.162
"642",2022-11-23,141.1625,141.6155,139.1675,139.251
"643",2022-11-24,139.25,139.4965,138.0545,138.6075
"644",2022-11-25,138.607,139.5975,138.376,139.1005
"645",2022-11-27,139.318,139.4235,139.17,139.3805
"646",2022-11-28,139.3805,139.3805,137.4985,138.727
"647",2022-11-29,138.7265,139.3555,137.8685,138.7555
"648",2022-11-30,138.7545,139.8955,137.266,137.3645
"649",2022-12-01,137.364,137.547,135.0445,135.154
"650",2022-12-02,135.156,135.987,133.6255,134.319
"651",2022-12-04,134.4875,134.599,134.3025,134.482
"652",2022-12-05,134.4825,136.8605,134.135,136.5845
"653",2022-12-06,136.5845,137.429,135.9655,136.889
"654",2022-12-07,136.8875,137.8605,136.2205,136.3835
"655",2022-12-08,136.3825,137.2475,136.2745,136.6415
"656",2022-12-09,136.6415,136.912,135.6035,136.589
"657",2022-12-11,136.5495,136.836,136.5115,136.72
"658",2022-12-12,136.7205,137.8525,136.6195,137.5175
"659",2022-12-13,137.5165,137.972,134.658,135.5755
"660",2022-12-14,135.5765,135.996,134.5135,135.3655
"661",2022-12-15,135.3655,138.175,135.2875,137.7525
"662",2022-12-16,137.7515,137.7915,136.2955,136.74
"663",2022-12-18,136.055,136.6075,136.016,136.575
"664",2022-12-19,136.5745,137.1635,135.753,136.976
"665",2022-12-20,136.9765,137.4785,130.57,131.8955
"666",2022-12-21,131.8945,132.5305,131.4955,132.3995
"667",2022-12-22,132.3985,132.723,131.6455,132.3815
"668",2022-12-23,132.381,133.1415,132.292,132.8365
"669",2022-12-25,132.8165,132.854,132.754,132.789
"670",2022-12-26,132.787,133.204,132.319,132.7675
"671",2022-12-27,132.767,133.5995,132.6375,133.4905
"672",2022-12-28,133.4895,134.5025,133.403,134.0345
"673",2022-12-29,134.0335,134.1995,132.8665,132.919
"674",2022-12-30,132.9185,132.9595,130.7795,131.094
"675",2023-01-01,130.8555,130.8555,130.8555,130.8555
"676",2023-01-02,130.944,131.4045,130.5395,130.7945
"677",2023-01-03,130.793,131.4685,129.5145,131.2985
"678",2023-01-04,131.299,132.719,129.9295,132.255
"679",2023-01-05,132.252,134.0565,131.6845,133.3245
"680",2023-01-06,133.324,134.7765,131.997,132.096
"681",2023-01-08,131.9605,132.2875,131.792,131.8095
"682",2023-01-09,131.81,132.6575,131.3095,131.7335
"683",2023-01-10,131.733,132.4795,131.387,132.106
"684",2023-01-11,132.105,132.8755,131.776,131.904
"685",2023-01-12,131.9045,132.0385,128.8645,129.175
"686",2023-01-13,129.1745,129.352,127.4585,127.8555
"687",2023-01-15,127.8285,128.155,127.737,128.058
"688",2023-01-16,128.0575,128.866,127.2235,128.3435
"689",2023-01-17,128.3445,129.1575,127.993,128.2855
"690",2023-01-18,128.2855,131.5815,127.5695,128.556
"691",2023-01-19,128.5555,128.821,127.7625,128.374
"692",2023-01-20,128.3735,130.614,128.3485,129.5835
"693",2023-01-22,129.501,129.659,129.313,129.3915
"694",2023-01-23,129.391,130.891,129.0455,130.5985
"695",2023-01-24,130.599,131.1195,129.7285,130.2165
"696",2023-01-25,130.216,130.5855,129.23,129.2605
"697",2023-01-26,129.2615,130.6205,129.025,129.8115
"698",2023-01-27,129.8105,130.271,129.5015,129.8075
"699",2023-01-29,129.688,129.8995,129.6755,129.8395
"700",2023-01-30,129.84,130.571,129.206,130.4885
"701",2023-01-31,130.488,130.508,129.7465,130.116
"702",2023-02-01,130.1155,130.413,128.4245,128.6085
"703",2023-02-02,128.6075,129.1325,128.085,128.767
"704",2023-02-03,128.7675,131.2105,128.3315,131.188
"705",2023-02-05,131.9485,132.068,131.5135,132.066
"706",2023-02-06,132.0665,132.905,131.584,132.6295
"707",2023-02-07,132.6285,132.6285,130.4785,131.0595
"708",2023-02-08,131.0585,131.5405,130.598,131.3925
"709",2023-02-09,131.393,131.8285,130.3425,131.52
"710",2023-02-10,131.5195,131.8915,129.8085,131.435
"711",2023-02-12,131.3985,131.653,131.3945,131.557
"712",2023-02-13,131.5575,132.911,131.4515,132.3375
"713",2023-02-14,132.338,133.3175,131.5335,132.993
"714",2023-02-15,132.9935,134.3615,132.5475,133.9095
"715",2023-02-16,133.9095,134.4655,133.6065,134.0775
"716",2023-02-17,134.0735,135.1105,134.054,134.1565
"717",2023-02-19,134.2735,134.3345,134.232,134.314
"718",2023-02-20,134.3135,134.539,133.925,134.3425
"719",2023-02-21,134.3415,135.23,134.1535,134.998
"720",2023-02-22,134.999,135.066,134.3665,134.942
"721",2023-02-23,134.9415,135.367,134.285,134.629
"722",2023-02-24,134.6285,136.5205,134.057,136.4825
"723",2023-02-26,136.506,136.508,136.2425,136.4305
"724",2023-02-27,136.431,136.5605,135.9195,136.3255
"725",2023-02-28,136.3245,136.921,135.7395,136.3525
"726",2023-03-01,136.3515,136.474,135.2595,136.196
"727",2023-03-02,136.1965,137.1005,136.0545,136.723
"728",2023-03-03,136.7225,136.772,135.7475,135.839
"729",2023-03-05,135.9875,136.0365,135.859,136.0245
"730",2023-03-06,136.024,136.1945,135.368,136.001
"731",2023-03-07,135.999,137.444,135.543,137.3935
"732",2023-03-08,137.394,137.914,136.4815,137.231
"733",2023-03-09,137.2305,137.2585,135.945,136.374
"734",2023-03-10,136.3735,136.9965,134.1175,135.096
"735",2023-03-12,134.4345,135.052,133.573,134.9735
"736",2023-03-13,134.9745,134.9765,132.2865,133.0905
"737",2023-03-14,133.0925,134.904,133.029,134.4375
"738",2023-03-15,134.4375,135.1145,132.218,132.9055
"739",2023-03-16,132.905,133.8275,131.7215,133.3675
"740",2023-03-17,133.367,133.5825,131.5575,131.8545
"741",2023-03-19,131.8835,132.363,131.694,132.2785
"742",2023-03-20,132.281,132.652,130.5435,131.4015
"743",2023-03-21,131.401,132.6315,131.0335,132.4035
"744",2023-03-22,132.4015,133.0035,131.0065,131.191
"745",2023-03-23,131.1885,131.6645,130.3225,130.869
"746",2023-03-24,130.8715,130.943,129.643,130.7225
"747",2023-03-26,130.628,130.964,130.5445,130.8525
"748",2023-03-27,130.853,131.7575,130.5005,131.243
"749",2023-03-28,131.2385,131.283,130.409,131.0515
"750",2023-03-29,131.0505,132.891,130.9285,132.553
"751",2023-03-30,132.5525,133.2725,132.209,133.2035
"752",2023-03-31,133.2035,133.5955,132.6235,132.83
"753",2023-04-02,133.304,133.3975,133.068,133.3585
"754",2023-04-03,133.3535,133.7565,132.174,132.3255
"755",2023-04-04,132.3235,133.1735,131.377,131.4365
"756",2023-04-05,131.438,131.846,130.631,130.9425
"757",2023-04-06,130.9375,131.926,130.7795,131.6785
"758",2023-04-07,131.676,132.379,131.528,132.18
"759",2023-04-09,132.159,132.169,131.8325,132.1025
"760",2023-04-10,132.0955,133.8705,131.9985,133.4735
"761",2023-04-11,133.474,133.8075,132.9755,133.6025
"762",2023-04-12,133.6015,134.0465,132.7375,133.0885
"763",2023-04-13,133.09,133.3945,132.0235,132.4885
"764",2023-04-14,132.489,133.8375,132.1715,133.7555
"765",2023-04-16,133.8195,133.994,133.751,133.9915
"766",2023-04-17,133.9895,134.575,133.7135,134.4585
"767",2023-04-18,134.4555,134.708,133.8625,134.0455
"768",2023-04-19,134.042,135.1345,133.9565,134.716
"769",2023-04-20,134.7145,134.976,133.9575,134.001
"770",2023-04-21,134.0005,134.4945,133.55,134.1245
"771",2023-04-24,134.63,134.6615,133.9685,134.0875
"772",2023-04-25,134.087,134.4795,133.3695,133.7125
"773",2023-04-26,133.712,133.9405,133.018,133.4655
"774",2023-04-27,133.4665,134.1965,133.217,133.8065
"775",2023-04-28,133.807,136.563,133.3645,136.2865
"776",2023-04-30,136.202,136.4345,136.195,136.407
"777",2023-05-01,136.407,137.5785,136.2535,137.523
"778",2023-05-02,137.5195,137.775,136.3195,136.4745
"779",2023-05-03,136.4735,136.575,134.391,134.5545
"780",2023-05-04,134.553,134.8805,133.5035,134.1655
"781",2023-05-05,134.1645,135.125,133.8865,134.838
"782",2023-05-07,134.8865,135.301,134.835,135.1955
"783",2023-05-08,135.1925,135.2285,134.6445,135.0895
"784",2023-05-09,135.0895,135.3565,134.7245,135.2945
"785",2023-05-10,135.294,135.4705,134.0215,134.096
"786",2023-05-11,134.1015,134.846,133.7465,134.495
"787",2023-05-12,134.4945,135.7535,134.4035,135.7325
"788",2023-05-14,135.6675,135.9015,135.6595,135.8275
"789",2023-05-15,135.8235,136.3275,135.7135,136.0345
"790",2023-05-16,136.0345,136.6845,135.6805,136.4295
"791",2023-05-17,136.4285,137.7105,136.307,137.6055
"792",2023-05-18,137.6045,138.748,137.291,138.6295
"793",2023-05-19,138.63,138.6665,137.429,137.967
"794",2023-05-21,137.9925,138.016,137.579,137.699
"795",2023-05-22,137.6995,138.8005,137.4965,138.666
"796",2023-05-23,138.6655,138.9095,138.245,138.6135
"797",2023-05-24,138.611,139.4765,138.2355,139.2985
"798",2023-05-25,139.2995,140.2305,139.1875,140.0265
"799",2023-05-26,140.026,140.7275,139.497,140.623
"800",2023-05-28,140.5505,140.8915,140.537,140.886
"801",2023-05-29,140.8865,140.9195,140.1155,140.4745
"802",2023-05-30,140.4735,140.934,139.5745,139.7965
"803",2023-05-31,139.796,140.4035,138.963,139.141
"804",2023-06-01,139.1405,139.952,138.4455,138.7435
"805",2023-06-02,138.742,140.0715,138.6085,139.974
"806",2023-06-04,139.9885,140.2455,139.968,140.2165
"807",2023-06-05,140.2195,140.4545,139.2525,139.4185
"808",2023-06-06,139.4155,139.9955,139.098,139.5255
"809",2023-06-07,139.525,140.2495,139.0295,139.918
"810",2023-06-08,139.916,140.0975,138.763,138.8865
"811",2023-06-09,138.8925,139.7265,138.867,139.391
"812",2023-06-11,139.3335,139.5045,139.332,139.3755
"813",2023-06-12,139.371,139.768,139.064,139.462
"814",2023-06-13,139.4645,140.3095,139.0135,140.1515
"815",2023-06-14,140.1505,140.205,139.287,139.9675
"816",2023-06-15,139.9685,141.5045,139.9445,140.2675
"817",2023-06-16,140.2665,141.9155,139.8555,141.877
"818",2023-06-18,141.757,141.954,141.7265,141.8645
"819",2023-06-19,141.865,142.0055,141.443,141.907
"820",2023-06-20,141.9075,142.2545,141.2165,141.3415
"821",2023-06-21,141.341,142.3685,141.3355,141.6905
"822",2023-06-22,141.6895,143.2285,141.6125,143.0315
"823",2023-06-23,143.031,143.8735,142.698,143.731
"824",2023-06-25,143.5495,143.7235,143.4575,143.5405
"825",2023-06-26,143.541,143.715,142.94,143.4645
"826",2023-06-27,143.464,144.177,143.285,143.879
"827",2023-06-28,143.8785,144.6185,143.7305,144.392
"828",2023-06-29,144.3915,144.9005,144.1355,144.7965
"829",2023-06-30,144.7965,145.071,144.205,144.306
"830",2023-07-02,144.318,144.4085,144.2755,144.3985
"831",2023-07-03,144.399,144.9155,143.986,144.6015
"832",2023-07-04,144.601,144.678,144.208,144.4095
"833",2023-07-05,144.41,144.736,144.081,144.5
"834",2023-07-06,144.4995,144.656,143.5575,143.978
"835",2023-07-07,143.9785,144.2005,142.074,142.1265
"836",2023-07-09,142.188,142.3085,142.137,142.2135
"837",2023-07-10,142.2125,143.0075,141.217,141.31
"838",2023-07-11,141.3105,141.463,140.074,140.1245
"839",2023-07-12,140.1245,140.166,138.1575,138.3265
"840",2023-07-13,138.326,138.9575,137.8945,138.0675
"841",2023-07-14,138.0685,139.159,137.2435,138.8065
"842",2023-07-16,138.823,138.86,138.658,138.6895
"843",2023-07-17,138.689,139.408,138.0025,138.7235
"844",2023-07-18,138.7225,139.191,137.686,139.025
"845",2023-07-19,139.0245,139.995,138.8535,139.611
"846",2023-07-20,139.6115,140.4985,139.112,139.8565
"847",2023-07-21,139.8555,141.957,139.751,141.843
"848",2023-07-23,141.6935,141.7835,141.6435,141.7575
"849",2023-07-24,141.756,141.8155,140.748,141.5445
"850",2023-07-25,141.5445,141.6225,141.207,141.2985
